NOMBRE INSTITUCIÓN,NOMBRE SEDE,NOMBRE CARRERA,T_2020,T_2021,T_2022,T_2023,T_2024,P_2020,P_2021,P_2022,P_2023,P_2024
PONTIFICIA UNIVERSIDAD CATOLICA DE CHILE,CAMPUS SAN JOAQUIN,MATEMATICA/ESTADISTICA,73,45,24,11,3,0,0,0,0,0
IP AIEP,SEDE BELLAVISTA,INGENIERIA DE EJECUCION EN INFORMATICA MENCION ADMINISTRACION DE BASES DE DATOS,2,1,,,1,0,0,,,0
UNIVERSIDAD DE SANTIAGO DE CHILE,CASA CENTRAL (SANTIAGO),INGENIERIA ESTADISTICA,161,198,206,194,193,44,38,42,26,34
UNIVERSIDAD DEL BIO-BIO,CASA CENTRAL (CONCEPCION),INGENIERIA ESTADISTICA,74,64,51,49,50,10,13,7,11,10
IP PROVIDENCIA,SEDE VICUÑA MACKENNA (SANTIAGO VICUÑA MACKENNA 380),TECNICO DE NIVEL SUPERIOR EN CIENCIA DE DATOS,,,25,80,109,,,25,67,73
PONTIFICIA UNIVERSIDAD CATOLICA DE VALPARAISO,CASA CENTRAL,ESTADISTICA,44,33,22,11,8,0,0,0,0,0
CFT ESCUELA DE COMERCIO,CASA CENTRAL (SANTIAGO),ANALITICA DE DATOS,,10,11,16,8,,10,4,4,0
IP IPG,SEDE PROVIDENCIA,INGENIERIA EN CIENCIA DE DATOS,,,,,4,,,,,4
UNIVERSIDAD DE VALPARAISO,CASA CENTRAL (VALPARAISO),INGENIERIA EN ESTADISTICA,89,67,36,16,5,15,0,0,0,0
IP AIEP,SEDE BARRIO UNIVERSITARIO,INGENIERIA DE EJECUCION EN INFORMATICA MENCION ADMINISTRACION DE BASES DE DATOS,8,4,2,,,0,0,0,,
UNIVERSIDAD DE CONCEPCION,CASA CENTRAL,INGENIERIA ESTADISTICA,101,106,110,95,98,23,18,16,20,30
UNIVERSIDAD DE ANTOFAGASTA,SEDE CAMPUS COLOSO,INGENIERIA EN ESTADISTICA,,,,,,,,,,
IP ESCUELA DE COMERCIO DE SANTIAGO,CASA CENTRAL (SANTIAGO),INGENIERIA EN CIENCIAS DE DATOS,,,6,4,65,,,6,2,61
UNIVERSIDAD ALBERTO HURTADO,CASA CENTRAL (SANTIAGO),INGENIERIA EN CONTROL DE GESTION MENCION CIENCIA DE DATOS PLAN A,,14,16,21,17,,0,0,0,0
UNIVERSIDAD CATOLICA DEL NORTE,CASA CENTRAL,ESTADISTICA,,,,,,,,,,
UNIVERSIDAD CATOLICA DEL MAULE,CASA CENTRAL,INGENIERIA EN ESTADISTICA,71,93,99,105,113,44,25,13,18,21
UNIVERSIDAD TECNOLOGICA METROPOLITANA,SEDE MACUL,INGENIERIA CIVIL EN CIENCIA DE DATOS,51,63,73,80,94,51,21,19,16,22
UNIVERSIDAD ALBERTO HURTADO,CASA CENTRAL (SANTIAGO),INGENIERIA EN CONTROL DE GESTION MENCION CIENCIA DE DATOS PLAN B,,13,15,25,29,,0,0,0,0
IP AIEP,SEDE PROVIDENCIA,INGENIERIA DE EJECUCION EN INFORMATICA MENCION ADMINISTRACION DE BASES DE DATOS,,,,,,,,,,
IP AIEP,SEDE ONLINE,TECNICO EN ANALISIS DE DATOS,,,,88,135,,,,51,72
UNIVERSIDAD DE PLAYA ANCHA DE CIENCIAS DE LA EDUCACION,CASA CENTRAL (VALPARAISO),INGENIERIA EN ESTADISTICA,16,13,9,3,,0,0,0,0,
PONTIFICIA UNIVERSIDAD CATOLICA DE CHILE,CAMPUS SAN JOAQUIN,ESTADISTICA,103,137,177,192,220,41,41,42,44,44
IP IACC,CASA CENTRAL (SANTIAGO),TECNICO DE NIVEL SUPERIOR EN ANALISIS DE DATOS,,,,,64,,,,,51
UNIVERSIDAD DIEGO PORTALES,CASA CENTRAL (SANTIAGO),INGENIERIA EN ESTADISTICAS,,,,,,,,,,
UNIVERSIDAD DE SANTIAGO DE CHILE,CASA CENTRAL (SANTIAGO),ASTROFISICA CON MENCION EN CIENCIA DE DATOS,,,32,69,89,,,31,36,28
PONTIFICIA UNIVERSIDAD CATOLICA DE VALPARAISO,CASA CENTRAL,INGENIERIA CIVIL EN CIENCIA DE DATOS,,19,46,61,94,,19,23,28,39
UNIVERSIDAD DE VALPARAISO,CASA CENTRAL (VALPARAISO),INGENIERIA EN ESTADISTICA Y CIENCIA DE DATOS,,13,23,44,52,,12,8,11,15
UNIVERSIDAD DE TARAPACA,CASA CENTRAL (ARICA),INGENIERIA EN CIENCIA DE DATOS,,,9,17,16,,,9,11,0
PONTIFICIA UNIVERSIDAD CATOLICA DE VALPARAISO,CASA CENTRAL,INGENIERIA ESTADISTICA,24,37,41,34,32,24,17,11,0,0
CFT DE LA REGION METROPOLITANA DE SANTIAGO,CASA CENTRAL,TECNICO DE NIVEL SUPERIOR EN ANALITICA DE DATOS CON MENCION EN INTELIGENCIA DE NEGOCIOS,,,,2,2,,,,2,2
CFT DE LA REGION METROPOLITANA DE SANTIAGO,CASA CENTRAL,TECNICO DE NIVEL SUPERIOR EN ANALITICA DE DATOS CON MENCION EN SEGURIDAD INFORMATICA,,,2,8,8,,,2,8,6
UNIVERSIDAD DE O'HIGGINS,SEDE RANCAGUA,INGENIERIA CIVIL EN MODELAMIENTO MATEMATICO DE DATOS,2,2,2,1,,0,0,0,0,
IP IPG,SEDE PROVIDENCIA,TECNICO DE NIVEL SUPERIOR EN CIENCIAS DE DATOS,,,,,2,,,,,2
IP AIEP,SEDE BARRIO UNIVERSITARIO,TECNICO EN ANALISIS DE DATOS,,,,13,11,,,,13,0
IP AIEP,CAMPUS VIRTUAL SANTIAGO NORTE,TECNICO EN ANALISIS DE DATOS,,,59,,,,,55,,
IP AIEP,SEDE PUERTO MONTT,TECNICO EN ANALISIS DE DATOS,,,,,2,,,,,2
